<?xml version="1.0" encoding="UTF-8" standalone="yes"?>
<addon id="plugin.video.brumovicecinema" name="Brumovice Cinema" version="0.0.1" provider-name="Pavel">
    <requires>
        <import addon="xbmc.python" version="2.24.0"/>
    </requires>
    <extension point="xbmc.python.pluginsource" library="main.py"/>
    <extension point="xbmc.addon.metadata">
        <summary lang="en">Základní verze Brumovice Cinema</summary>
        <description lang="en">Fungující základní KODI addon</description>
        <platform>all</platform>
    </extension>
</addon>
