<?xml version="1.0" encoding="UTF-8" standalone="yes"?>
<addon id="plugin.video.brumovicecinema" version="0.0.1" name="Brumovice Cinema" provider-name="Pavel">
    <requires>
        <import addon="xbmc.python" version="2.26.0"/>
    </requires>
    <extension point="xbmc.python.pluginsource" library="default.py"/>
    <extension point="xbmc.addon.metadata">
        <summary lang="en">Test addon for Brumovice Cinema</summary>
        <description lang="en">Basic functional menu addon</description>
        <platform>all</platform>
    </extension>
</addon>
